relative_path,size_bytes,sha256,category,required_for_reproduction,notes
.gitignore,433,b79e805d901c1077d1ea9fe903d0e87c2c98db2339f47948697dac2e85a3ccaa,documentation,yes,repository documentation
.zenodo.json,1714,80312c048a22f1b387803c5f5372a9d6c9f7a5b6341178979ea665a6bcee2d99,documentation,yes,repository documentation
CHANGELOG.md,571,a40ae296fda2aa46cb1bcc598e7cee74e41535e0f34bc309360d16bb2a0e2f25,documentation,yes,repository documentation
CITATION.cff,1866,a5123eaa099543e5e58f023b2b939595d3a077788bd0681c60de208d53d39c3f,documentation,yes,repository documentation
configs/challenge_library.yaml,776,8db02d780a8cce7712c38ab7bc15464373d45ef9594f5be4399a778c2acc617d,config,yes,pipeline configuration
configs/example_paths.yaml,588,1262cd201d4af1416e2d87e1c2a313d9b4ae12e01a907f767c02f055e960a2d2,config,yes,pipeline configuration
configs/fiber_length_optimization.yaml,2693,cf8fdfcf18c5001dddecac70e4cf4c8cc7cbf1faa76a4ad4f07d6bcaab28f261,config,yes,pipeline configuration
configs/fixed_state_dual_channel.yaml,3264,c56a35e2475849ddf569917f480a88d808f971e3f19f5ad525ace83bacdd7df7,config,yes,pipeline configuration
configs/formal_green_preprocessing.yaml,2274,e1fe333068a51465300ff81baa0eda9a3bfbac567e7f9931b209287707226d84,config,yes,pipeline configuration
configs/formal_reconfiguration.yaml,1326,0f41a7eedbafae3e9faaa9cde2ba1af2e1ce55934f7465c421bd690ed192d057,config,yes,pipeline configuration
configs/lifecycle_threshold_development.yaml,1042,cb87282e49c8114650b6ca4b5bc127bba3a28428503d6fa1297005652dc386af,config,yes,pipeline configuration
configs/macro_pixel_screening.yaml,1632,e8ad6aebf1cba97007465a9d8e441ba76a236da733694a4db7eb2edbe46f5944,config,yes,pipeline configuration
configs/partial_disclosure.yaml,2590,310868651ee82ec6fd756d0b42421376a26e491b948f4e713f94fb9a09df8b03,config,yes,pipeline configuration
configs/threshold_development.yaml,2770,7f645e51a3c1e767a226223391f8f11d518fd016e6a4254d028159d37dc35b47,config,yes,pipeline configuration
configs/wavelength_pathway_control.yaml,1573,0705560e99d3c47d892de5e465f4a0043c5b48655009c2be2876807994732f96,config,yes,pipeline configuration
data/challenge_patterns/mp002/mp002_C01.png,21415,830ae6523d20982f50420df413548f422f847ccf09d57a61d713c37d6eed4621,data,yes,canonical patterns or corrected tables
data/challenge_patterns/mp002/mp002_C02.png,21466,f990ee68f475eb337a31000ea21461b6b4ff407e8bacb5a3296460a79af18cb8,data,yes,canonical patterns or corrected tables
data/challenge_patterns/mp002/mp002_C03.png,21284,2af5e103a8af0b0bd21edc1ab88f8e33e030bf1c34ede8dffecdc0ac246ddcf8,data,yes,canonical patterns or corrected tables
data/challenge_patterns/mp002/mp002_C04.png,21530,f5372d4bd65c942d3443d96247333ab904147697648d1f699d5e45f17e5fed33,data,yes,canonical patterns or corrected tables
data/challenge_patterns/mp002/mp002_C05.png,21420,3bb161527b8cccaed920cb85b3a75df59c831ba4af9ad9b6b47fe2bc55db3121,data,yes,canonical patterns or corrected tables
data/challenge_patterns/mp002/mp002_C06.png,21197,7820a3dcb14d53fbf91146f1f1d3394c8cf9d56fab16fe1d36d85f3991ed2e03,data,yes,canonical patterns or corrected tables
data/challenge_patterns/mp002/mp002_C07.png,21212,b8c552d805c5b2c67e2157867b510475c5417c854c58510370dbf685fcfc3b3e,data,yes,canonical patterns or corrected tables
data/challenge_patterns/mp002/mp002_C08.png,21482,7f6f74a55ff6f695ea9b4ecd61135308c8194ad155047fdf64da6e80aa505621,data,yes,canonical patterns or corrected tables
data/threshold_development/green_pair_scores_corrected.csv,701383,faae7add336ff7d9d7dfb59d49acab0660c141924897e9c4b1d65c82e453dd8f,data,yes,canonical patterns or corrected tables
data/threshold_development/lifecycle_events_corrected.csv,1168,cdb63c1737338a4e050325967daf3357394c9f994ddf9296fd1d2bca0221aa68,data,yes,canonical patterns or corrected tables
data/threshold_development/README.md,1628,93b0abbb9e5f9854daa036b6ffa60fe313bd991b701474f4b0de47a1b7902c9c,data,yes,canonical patterns or corrected tables
docs/ATTACK_MODELS.md,5449,de6fdc1c9513749858f34da021a05c7d9e81c1583f25450dc8ac073ffee013bf,documentation,yes,repository documentation
docs/DATA_FORMAT.md,5918,d821f11b56811b50d9962f3b89dc1cbde26361ad1bc79f3697a31e5ee830e168,documentation,yes,repository documentation
docs/FIGURE_MAP.md,6688,9ef873512a36c720f2bcd121576dcdf21fba47f63f778bbd65ef97165fcdfe26,documentation,yes,repository documentation
docs/PREPROCESSING.md,4810,ee866a24758de01ecf50b70b642ba80b81efae57ef44316809da49464877da4d,documentation,yes,repository documentation
docs/REPRODUCIBILITY.md,6962,737e568d6f04a58dd9b0e487424d0ac7f08264a04f3dc37a9d5ba8dcbff94e15,documentation,yes,repository documentation
environment.yml,130,1800a0262d5b71a23151c3c4d9c1b162f2021914ac98f9f1e528255cd3d5f682,documentation,yes,repository documentation
examples/minimal_workflow.py,2451,a889e0c98fce47ab9704ad64dad80202514023b2b98985e1c849309010f53f91,example,yes,minimal workflow
LICENSE,1072,61e1b98a8162307ec81e38d520e75c61fa2af27b56f327e775ae67ef160cdc33,documentation,yes,repository documentation
PUBLIC_REPOSITORY_TREE.txt,10315,1c3977d48ebbcc9141295f5b4dfd524f2e81e0eef4e2c962a552f6114f6237d1,documentation,yes,repository documentation
pyproject.toml,1333,99366e8901e495f1faa5dc510040d506de0c8387acdf1f4fe17c1c54170cfd09,documentation,yes,repository documentation
README.md,8040,2f22f55dce9e9db62ee8a4ca38bf83a99dc70c55d96b72c45dda65b70665fdd9,documentation,yes,repository documentation
requirements.txt,515,50cdda51e29e94de2cde8169788031b9f20c1b94e959f4b37851cbb672bccac1,documentation,yes,repository documentation
scripts/prepare_raw_workspace.py,5318,857a1c497c0396af9651c8dcb9562270676558ec826967e3f228e4a52b3adabf,script,yes,reproduction or dataset helper
scripts/reproduce_fig3.py,4296,faa4fc38256479fb89996609962de30f8490ac174a06116c4feca8fbb5029e22,script,yes,reproduction or dataset helper
scripts/reproduce_fig4.py,6961,554d5a5b3f00eb9c31a97b8a57797f79ee76c3945009173d0ca250851f0207c1,script,yes,reproduction or dataset helper
scripts/reproduce_fig5.py,5667,83e9c3cfba3992ed54c572faf6fcdbdea7872d138b8ab3ae377e8087f2c63552,script,yes,reproduction or dataset helper
scripts/reproduce_fig6.py,7440,6b33164084683838a42a1acb9d9cf7cdd0aa980a9a1fd48f1cfd1e48928e1bf1,script,yes,reproduction or dataset helper
scripts/reproduce_fig7.py,8931,9b7c0238c8da59561804499a46cc8236ebd8a7585bad0c9764cfc90542dcf2ab,script,yes,reproduction or dataset helper
scripts/reproduce_fig8.py,6948,44fe3355bd5b5372d3253d77a1d26372b50ea56522e3b76be0a1f2b911a51244,script,yes,reproduction or dataset helper
scripts/reproduce_supp_fig_s2.py,4041,ca372ddd67f86deacd07f991ee62df006a1071faa1decb2f0a0f73555635d361,script,yes,reproduction or dataset helper
scripts/reproduce_supp_fig_s3.py,3447,001cb35c438c1bc2d2842486aef683e2c93a1e0ebc96feb4d149aaa2c1c1727c,script,yes,reproduction or dataset helper
scripts/reproduce_supp_fig_s4.py,4902,ec38772005632c070ce095f8e5acd54cd263324d940064830819b79b1ad7d6d5,script,yes,reproduction or dataset helper
scripts/reproduce_threshold_development.py,5415,a9c1e0778fb34ccd5425c37c58c249fbec01aa4ae87411de143b94ce8c97c97a,script,yes,reproduction or dataset helper
scripts/verify_public_data.py,11282,ed5b71aacde173b0f8acf3177bdae9c62d1a4312a9a7e85f79dcab2647e6ff7a,script,yes,reproduction or dataset helper
src/e01/__init__.py,52,186c19f62c989e0a0d059c8a2ff8978056e75b98205c83c00eae803ee7bee694,source,yes,analysis implementation
src/e01/analysis/__init__.py,933,17afd0133088980d5ec89cd876efe089711333fb544bf498a27d9237f1713a4f,source,yes,analysis implementation
src/e01/analysis/envelope.py,294,94ea5127454ffacd2930b6ef60cd764251bcd137d916d5181bb2120025e3ab9e,source,yes,analysis implementation
src/e01/analysis/green_screening.py,30037,1ffbe0e4044aecacba0639deab9bcff0c04567d33022e6c2f86cc096315b06a5,source,yes,analysis implementation
src/e01/analysis/metrics_basic.py,179,8b127e7b7bcece66dbdfb90c6ec1cd75374b876032c3d7a37e455d1c837e07da,source,yes,analysis implementation
src/e01/analysis/ncc.py,118,32d546e020e66846b87ef2cde77a8ac8193aebae806f6b94a8f36dc5ef6e540d,source,yes,analysis implementation
src/e01/analysis/plot_fig3.py,32922,f87be8ab4d64e78bb6717197b3ad22a9d76683e915dd2c51bacdd840f78b3551,source,yes,analysis implementation
src/e01/cli.py,2277,a369ea4adfdec2f72bfc5cd8510ff70fbb58a0ced3eefca5915e077ae00b2184,source,yes,analysis implementation
src/e01/config.py,4720,1e38cf4180445eaea4d56b922f2820e7570c2dc48e62ad4223884c0cf5e37646,source,yes,analysis implementation
src/e01/naming.py,1469,f4d5e0951655f60d9c2cd77a88d7710056ba6cbbc30607c5e0811c6ff9896594,source,yes,analysis implementation
src/e01/patterns/__init__.py,1,01ba4719c80b6fe911b091a7c05124b64eeece964e09c058ef8f9805daca546b,source,yes,analysis implementation
src/e01/patterns/canvas.py,1620,5aca244341c4ee6505f85015678473e9ffec1ed610281591fd32a2cc414bae35,source,yes,analysis implementation
src/e01/patterns/challenges.py,750,214d6ce3bcc2971a9e7eabb20a09f9247ffcca7ccca86cecfb502a88eccd0acf,source,yes,analysis implementation
src/e01/patterns/screening.py,12741,97920dca96f94a0409831c1dba3216a2938cf900218ac0f171b5e8d105585277,source,yes,analysis implementation
src/e01/utils/__init__.py,1,01ba4719c80b6fe911b091a7c05124b64eeece964e09c058ef8f9805daca546b,source,yes,analysis implementation
src/e01/utils/hashing.py,539,a95f8297034a2564608bdffae7937a1b3f2b6b9201d214dba1ba33aef083ef7d,source,yes,analysis implementation
src/e01/utils/io_utils.py,467,6fdf4bb4416ddf7f5fed069a547793144eecf12954818a0b419a7bd5de93a8f0,source,yes,analysis implementation
src/experiment00/__init__.py,127,d0a1446a399289a4e6a47a5a388bdd8e0e7de52dff13ac8df6fe609598458a93,source,yes,analysis implementation
src/experiment00/acquisition.py,5158,2b3f58f94b98ba6ddd6ed4f7cf9aedff097d5a9c1f0bfedc0a9258c12b50f218,source,yes,analysis implementation
src/experiment00/authentication.py,5850,0788d39bcb94e63d79333c113d67d5acfdc92a0afe4f77ec20e34070bcff2917,source,yes,analysis implementation
src/experiment00/bootstrap.py,5193,a82e9987b44e798c6d010ce7fca178769d85a54098aa169b64e0f691b5a8dd4d,source,yes,analysis implementation
src/experiment00/cache.py,1027,e6a4bc12a4a1d15ef9fa9ff3f7c689af12ddd6fd680480de573998b04f548265,source,yes,analysis implementation
src/experiment00/cli.py,3611,f63c798741fc85db79372e80821801e737935dde05ecff5160123c0bde41be10,source,yes,analysis implementation
src/experiment00/config.py,8201,406487e715f1e2557e678490a6f8972bb4352f164dd443a8813aef68403bbd27,source,yes,analysis implementation
src/experiment00/discovery.py,18480,dd0be26bdc2fe1fc5338318760e199290f642a178b699f06b3b6ba44a8bfab34,source,yes,analysis implementation
src/experiment00/leakage_audit.py,6810,2af1e23a4bfbd8b1447f5f929473779bd09f42033b2765a30a695f5354769667,source,yes,analysis implementation
src/experiment00/length_selection.py,9890,78684e9dda5185571de532052f9f0a6c48f32363cc8c03f9c628d93b81e56523,source,yes,analysis implementation
src/experiment00/mask.py,2649,7e5e5ae34f495bd191e4d6aa35febd16ef46a11e4ed583f4a78ad11e5b4f3972,source,yes,analysis implementation
src/experiment00/metadata.py,6544,1c36da858c344568ba7fa1950e4c14107467a079c4b08daece8e8b4146a9fbb6,source,yes,analysis implementation
src/experiment00/order_effect.py,6217,df411a38cd97b0746b86b82ef824eec982763e8e52bdf8510a86a6a9cde274d7,source,yes,analysis implementation
src/experiment00/plotting.py,12428,b1501d0f86afe43e6bd77d716f803d23ff3722d636636a66aca04723d954e029,source,yes,analysis implementation
src/experiment00/preflight.py,3963,0d75e2275cbba672800c880dad8412d51914a8364591d280102a6575c6c70bf1,source,yes,analysis implementation
src/experiment00/preprocessing.py,268,76426a19f66bf323fc645ef31e9f1e060d5c20d57e48595477b40aa50ed42257,source,yes,analysis implementation
src/experiment00/public_scores.py,771,5bf9146d1b9ab16c77541278d24435caa5f5897011cb1972b53ceef18a25c7a2,source,yes,analysis implementation
src/experiment00/reporting.py,4853,91f5a320eff5e59e4d68164f0f57e860f9a7aea1b749c5fe94a1c90afbb0b9cb,source,yes,analysis implementation
src/experiment00/sanity_check.py,7101,d62da7194a88c7918fa2eb9232438f9b7e22ac27c094afc5afeddbaa615dbd96,source,yes,analysis implementation
src/experiment00/score_construction.py,6849,fa929b5f5d30a9eba346ae0103dfad686c6503fb1cb2362132d625974d4e74ee,source,yes,analysis implementation
src/experiment00/sequence_balance.py,3947,02b4ed696e00a7c89d77b4a58c68bcd90e75226e744535599f0511f2146ae6cc,source,yes,analysis implementation
src/experiment00/spatial_statistics.py,3992,1634d54568fe04a6be48a85514a4e9ddd7b192e4495101b0a68c68a9e689de99,source,yes,analysis implementation
src/experiment00/statistics.py,1565,a73ba113d0de24041a4e3783eaa01d1af559005d25304e3465b358ed2e575005,source,yes,analysis implementation
src/experiment00/templates.py,5246,9a41257b06b42753b1382665153f5c00423e12fec2a73090a2154975cbe7ed5d,source,yes,analysis implementation
src/experiment00/validation.py,19288,43189ce7a6be4e9d0b9adad56c467b8f1e6909e51ded411e50855c1724f1e185,source,yes,analysis implementation
src/experiment00/video_processing.py,16742,5a8e6a6d47d3a5b60c40af16ad11ea8674e1baa27964d65764b0714697f18f1e,source,yes,analysis implementation
src/experiment02b/__init__.py,115,dda592e1ff52d7931c6f341f199d1a693499cd5a2dd67f619ac4e44fc93ebca3,source,yes,analysis implementation
src/experiment02b/channel_leakage.py,4929,2ad8f8faf250d2a0b8d10152502f58b54ac5a7fc3dc54ed2656f71bde1aef35b,source,yes,analysis implementation
src/experiment02b/cli.py,2082,d53010566ca38fc708354552f2a31079eb77b13cf071cb10f4ffaf3c066c7b2a,source,yes,analysis implementation
src/experiment02b/config.py,5698,e3890fcb38deb3f5fe75815d2b653156354e1770279b92a703a48fa971c59d95,source,yes,analysis implementation
src/experiment02b/factorial_statistics.py,9172,df93588f601b764bd30dc379925b6adac5a712387458c896a0f3d6776e569360,source,yes,analysis implementation
src/experiment02b/manifest.py,4499,ec7e2e38bea119639915bda3a687b8b530d3bcce66cee3d862ed03414c6efe99,source,yes,analysis implementation
src/experiment02b/pipeline.py,15573,cbbc5c9aac9b6e2d0d38bb60f697bbe91af8ba5bd6637de010f4c95802a41235,source,yes,analysis implementation
src/experiment02b/preprocessing.py,6762,a957a24a9f8953905555f3b6d39a14baecfaa0772b2ba693e1d32600e7fde568,source,yes,analysis implementation
src/experiment02b/publication_figure.py,42684,4522316c5e50de38c812676364e905b2bed66e17da5bc093d86fb899b1cf4a15,source,yes,analysis implementation
src/experiment02b/qc.py,2348,db7231137b6822b32fe453d80094a096bf02dbec3eac741b5594ef41b42bb42c,source,yes,analysis implementation
src/experiment02b/reporting.py,10630,3c9632b9a64e98fdd6c1b669f2b553370d88449853855eb1ab96682655467b63,source,yes,analysis implementation
src/experiment02b/spatial_acf.py,4481,1ddebf1ef008fd09b1bd49ba7c64c62840cb61c552c95ee84a4d338b5aa0ab6d,source,yes,analysis implementation
src/experiment02b/spatial_psd.py,3874,35449f99c2e8540a9ec66d388bd49e8cac72e58b91de3434193d86f61fe17500,source,yes,analysis implementation
src/experiment02b/temporal_stability.py,3427,2a886af4fceb340f76d8c0e9adf859f597d89a139a23839b0ee2e8002a164f2d,source,yes,analysis implementation
src/experiment02b/video_io.py,10516,918c83ec4fc8857036e29f145c8b14b544baa3c5d492cdb35bdabaa5c2b0c9e4,source,yes,analysis implementation
src/experiment2/__init__.py,81,a7eb0686e490a76a1559e309d4e0fc59246bc2b0b677a7c19ba5b0f8b3e24ad4,source,yes,analysis implementation
src/experiment2/analysis.py,25872,713219a5f919aaa14f1f10a6955dac037ef10ad8a22d67deaa9d860b0852f6a5,source,yes,analysis implementation
src/experiment2/binary_puf.py,19200,d61e5022018f3e54b96ea65551c675a1bc29e041b87a49357a80b4fe5e69f6eb,source,yes,analysis implementation
src/experiment2/challenge_validation.py,8251,a1b0da5d58b338b246db6b19c5c8d133011a9b033126dafb03fec2cec3b48198,source,yes,analysis implementation
src/experiment2/cli.py,5089,85e20b11878d2e9c1255ff7ed6ab46829772b327c207a6520278d68a424cfa0e,source,yes,analysis implementation
src/experiment2/closed_set_retrieval.py,2958,7394187beb08ca8ecd667dbf86b9ff10e48ce936b0f3b0115d1bf02044eea720,source,yes,analysis implementation
src/experiment2/config.py,8900,0e6ddc8d632b3f0cf5bd3a4260f70e5f76cc4103144d4f09a9ccbd12ac49a230,source,yes,analysis implementation
src/experiment2/figure_layout.py,4366,35d447af881c5f9c0241cd35c6dadb509891b8e18bbef3e043a340148238431e,source,yes,analysis implementation
src/experiment2/fixed_state_analysis.py,47247,f4139e4299a2006601eb2cb7d575b340fb93ace4b8b4242425c4d1347b97a01f,source,yes,analysis implementation
src/experiment2/fixed_state_metrics.py,9667,b79913e66790e484c1f8257abf4d312ba207dfd281577abaf6ff23a303b56449,source,yes,analysis implementation
src/experiment2/metadata.py,9821,dedb1b7d1598f39c01084152d26a7ef285a8a5778e8e3a5cd3894ee6cb9e66c0,source,yes,analysis implementation
src/experiment2/score_construction.py,8483,f0a7bce00cba918b64a33bceab129b9368a833534ce0a8516fa9d38a445f9381,source,yes,analysis implementation
src/experiment2/video_processing.py,6034,316a2bd6c7c4d6e11d1d9a0a4fe6d5bc19239738ec6a163c466ab4d49c33035c,source,yes,analysis implementation
src/experiment3/__init__.py,137,f64804217be715845ca96e9538aab4301f6b4878586bb60d45371e858b00be85,source,yes,analysis implementation
src/experiment3/analysis.py,31761,0fcccbe54acff3d40cb1dd5f1a4ae80d6cf3b03adba75c19105ba4eaf6ea12dd,source,yes,analysis implementation
src/experiment3/artifacts.py,4619,a18e22abdba82f33635b01f44561cc17721090406bc097b56f0cc799bc0136c9,source,yes,analysis implementation
src/experiment3/cli.py,3584,d5ac01c92a5193d648f8cebd7b850f11affd20e25c8b7f5448e556822d80cdcb,source,yes,analysis implementation
src/experiment3/config.py,8170,00ef128bed7e334af39502e715eb8e6e8f8136cb98aaa9116cd281220d37b246,source,yes,analysis implementation
src/experiment3/green_features.py,6243,ec177697a502c1e30a1ca3a1b021870ba8421156a713406a11a028a0d78870a5,source,yes,analysis implementation
src/experiment3/leakage_audit.py,11285,28b462854a1dd24227d7f013f80970be7688529023b08c1bcc07f52e4102f30c,source,yes,analysis implementation
src/experiment3/metadata.py,6721,70064adb89921381d90652d042fc0f378e596d23b02d0e462c2effe94a70ce84,source,yes,analysis implementation
src/experiment3/plotting.py,409,c85775961e32621b2d1ee4451a5d6326689e26aab8aef709d5f7f1512c88fdba,source,yes,analysis implementation
src/experiment3/progress.py,303,88dc60705da7e0dc87060f3cdc53726d10577e374b1865a75af3d16ecdd3c412,source,yes,analysis implementation
src/experiment3/red_features.py,3125,14d34479ab4039ec1d74898b94fbbc7329282b1b506cb7c2b02ebe4300027682,source,yes,analysis implementation
src/experiment3/reporting.py,11892,328c0e8ea418cae376eb41b61934d9771cf8ae53413223475e84cfc7007f13ed,source,yes,analysis implementation
src/experiment3/score_construction.py,13228,19be44d9cc4c946065b649531a783b7b7b81035dc8f9d65517798884aca335a7,source,yes,analysis implementation
src/experiment3/splits.py,2528,5ae58e630eb2426f26340777f5e7c3bcfa9bf3d3fe6c5bd247eb4df9218bd455,source,yes,analysis implementation
src/experiment3/statistics.py,23110,fd3535f607e3db43a0890e107f96a43af4f0628c664b183a121a9e90a3459471,source,yes,analysis implementation
src/experiment3/validation.py,10193,c40cc26012f0cc44d9b2dd15b7a67c21fe316131484803cbe8d0ea2cf6bbd38e,source,yes,analysis implementation
src/experiment3/video_processing.py,9621,2d55a413f868e5055414bcc6b070e045a5668565d735003330c92477e00a8104,source,yes,analysis implementation
src/experiment4_security/__init__.py,114,ddf5a84b7231ed03eceb45b1a0ef75dee9b0d4c9bd0ab4a498f4369391fa6ece,source,yes,analysis implementation
src/experiment4_security/challenges/__init__.py,0,e3b0c44298fc1c149afbf4c8996fb92427ae41e4649b934ca495991b7852b855,source,yes,analysis implementation
src/experiment4_security/challenges/generator.py,13121,3ac5997b0cced574fa106c0461608148c3f9aab93500faf45af190329916cbfb,source,yes,analysis implementation
src/experiment4_security/challenges/manifest.py,822,da97fb838db70f74558e2465938ce32cc69448ed6bba992455e701a76de0cbb4,source,yes,analysis implementation
src/experiment4_security/challenges/plotting.py,1069,0254fed6f01f6e0fda13e8fad60922442eb7b992bb3a8857735a59b2f3bdb2aa,source,yes,analysis implementation
src/experiment4_security/challenges/schedule.py,2446,bc16b18d86bac714c216e3c4de31f61203321ce88dff906ef25a7e332620de39,source,yes,analysis implementation
src/experiment4_security/challenges/validator.py,4382,be3de2208ad1715a375015f5a59eacffdf9408376aa5933be6f629ff55dd3cb2,source,yes,analysis implementation
src/experiment4_security/cli.py,3746,3954e24f875f5376e15a8dc4c4faf35fa1534501ff17aa7f7e39562dc86d78ed,source,yes,analysis implementation
src/experiment4_security/common/__init__.py,0,e3b0c44298fc1c149afbf4c8996fb92427ae41e4649b934ca495991b7852b855,source,yes,analysis implementation
src/experiment4_security/common/config.py,5141,e1edac888277d1b811dae45defb867523be22fe5d4e39e8e1c5f14aa9b78d03e,source,yes,analysis implementation
src/experiment4_security/common/frozen_protocol.py,883,f6124090c8a129344a8a8025876fd746a59b7bed156a57b81bf280e39e0543fb,source,yes,analysis implementation
src/experiment4_security/common/metadata.py,246,ca85e03b0c3b263189d67bb5dc8a999ca18bb50362ae56a7a7f70e5c85e3acd7,source,yes,analysis implementation
src/experiment4_security/common/progress_util.py,909,51b3550cfb26f7d6589deb1ff3512781fe3803da5d0f2953f358b976a623cc79,source,yes,analysis implementation
src/experiment4_security/common/qc.py,865,3cb8790de2252a5711fc3e6c96b2dd01be8ed9e9ae03d48ade0b70a41afa9967,source,yes,analysis implementation
src/experiment4_security/common/video_io.py,3826,803c306e045564de4092df907e0cde7a54e0559d74242c5d016a9474627b4d18,source,yes,analysis implementation
src/experiment4_security/identity_credential/__init__.py,1002,600283308a65fc99a00f2c2ef0669c81b15d11c9c7c156df6fb15daa5776d627,source,yes,analysis implementation
src/experiment4_security/identity_credential/attack_evaluation.py,858,0e84654e24d66236b3cddf76e0b8a628c32b3abbb159d3bd96e01cfd5fd05ac9,source,yes,analysis implementation
src/experiment4_security/identity_credential/attack_models.py,1067,f5a49f581a0ba51e8b2b36a2619b031fd4fcbc4fe78b9e327faad6ceabf39224,source,yes,analysis implementation
src/experiment4_security/identity_credential/bootstrap.py,765,6b1294c6b6b3d66794615d0ce2ea5a76d63347a7d3b64a195e89f3dd9e2d8829,source,yes,analysis implementation
src/experiment4_security/identity_credential/cache_adapter.py,1705,557ce232a99dd94680aa3ede224e0dded95453ff50496202f1aa761a072f582f,source,yes,analysis implementation
src/experiment4_security/identity_credential/cache_store.py,8790,414b0443e38a1394b50857aa8545fec277fbb09854b45d46d6b220778936f8a2,source,yes,analysis implementation
src/experiment4_security/identity_credential/cd_checkpoint.py,11006,414a009c1afaa08038ebfff3a07775c8aab332d06a2db435b8b8a110a56f02c0,source,yes,analysis implementation
src/experiment4_security/identity_credential/cli.py,3007,a2590c722842568f60e923e494b379585f745427aeb84766cae498b679199639,source,yes,analysis implementation
src/experiment4_security/identity_credential/config.py,6427,9c752ceb9b6b62c9da5e39cfc47a4d322dbeefd8b134c4764d85699b59531676,source,yes,analysis implementation
src/experiment4_security/identity_credential/credential_lifecycle.py,1481,ef7c16cba9417a0f69bb80e54425c0bdff46b70d945d45cefa55e8dc5344b90a,source,yes,analysis implementation
src/experiment4_security/identity_credential/data_validation.py,4534,a1cf77df33ec43112eac0dc697aa97dd59a0c6ebad738b0e360b90213debdbc9,source,yes,analysis implementation
src/experiment4_security/identity_credential/dataset_layout.py,5368,384497de3e26557eb7a161643db80d7691c6f6f75d70108d020c2567347c6169,source,yes,analysis implementation
src/experiment4_security/identity_credential/formal_run.py,21320,11b52760428d00ee1dc87197e6541d36a80a9fa64be66dda3dd2efe390285369,source,yes,analysis implementation
src/experiment4_security/identity_credential/gates.py,2924,ee29f9a2a3cecd216df5e80d6643ad8c7fa21a34f52bed699a32cb33b21526ae,source,yes,analysis implementation
src/experiment4_security/identity_credential/green_clone_tracks.py,6893,5d3370bae7a012df4892db717024ade7f62638c43edc4b7823a1c8c6e2e04d95,source,yes,analysis implementation
src/experiment4_security/identity_credential/green_database_tracks.py,5053,9063e194a851863d3666eefd506fd23f972793cecb7c96d4a604b91389929b8a,source,yes,analysis implementation
src/experiment4_security/identity_credential/green_multidevice_metrics.py,3938,24c8a817d910df7de5b5f48ac3826f00493e5001d90dddf9ddf8b66eb16b30e1,source,yes,analysis implementation
src/experiment4_security/identity_credential/green_result_adapter.py,1263,647d19d37b32c139c11f28e0e753f8989595696b4dac62b9d8047b536141a61d,source,yes,analysis implementation
src/experiment4_security/identity_credential/joint_decision.py,1866,081d3230f50cf538e4e02ca5d4197506453fec39c3798129f9253ccfccf3c871,source,yes,analysis implementation
src/experiment4_security/identity_credential/joint_episode_generation.py,2061,e364d1c5255ef1c31c8166d7d69a5ebd70c82b1908922f407ca040192fb816d9,source,yes,analysis implementation
src/experiment4_security/identity_credential/leakage_audit.py,814,9a6770f21ffa0d85e3726da5fc5e149b7cbb20eae4fa739f99d66b773d56e42e,source,yes,analysis implementation
src/experiment4_security/identity_credential/manifest.py,6024,ed1cf2d629aecbfda4dff29b6342ed7ee1d8e07bedc3b68e55b54a5b2df7842c,source,yes,analysis implementation
src/experiment4_security/identity_credential/pipeline.py,12067,4bfb52bef2cc6ba73aeef72b3d4c7614f034ff2b28a0529e8edb6d6b7125c006,source,yes,analysis implementation
src/experiment4_security/identity_credential/red_capture_qc.py,1116,7c9aa2bf71acfd3fc4c85732cac21c596606d230f66c6ae9fbfc07c1dcfc50fe,source,yes,analysis implementation
src/experiment4_security/identity_credential/red_conditioned_attack.py,1240,123f3fa34f9a207ddcd2593c985edb243a24494e32e90a02a17e303c0510bbf7,source,yes,analysis implementation
src/experiment4_security/identity_credential/red_feature_adapter.py,1237,4d2097c8cea9bbdc9e3c2b7635642a4d8ac3fed0ac238b411a0518c088a08259,source,yes,analysis implementation
src/experiment4_security/identity_credential/red_identity_enrollment.py,1455,32c87808f4c64601a83f35742cd2f847d21830ca46f072417eb23ba31c47f873,source,yes,analysis implementation
src/experiment4_security/identity_credential/red_identity_evaluation.py,2830,721dcd2fee05854994ebdea6ce6cdbc70b46d145b17196b61734923de8310e91,source,yes,analysis implementation
src/experiment4_security/identity_credential/red_video_processing.py,1220,60a6ad239687efb46da82a93f25105b884dddebd153782f7f75dc1c5e0c2d95a,source,yes,analysis implementation
src/experiment4_security/identity_credential/reporting.py,5322,bbbef14da93cde25cd98f0ea01b281d910cc0c4e18a30060985060a1401b8887,source,yes,analysis implementation
src/experiment4_security/identity_credential/run_registry.py,14896,b0199ce2763d11eb3dfb3a68149081e5ef598d14a6e5734f083d19b96d9ff4f3,source,yes,analysis implementation
src/experiment4_security/identity_credential/schemas.py,5875,c916e2414de5553e4e9ff5669bc00166db86a25e9c37e73bc880321208a242f9,source,yes,analysis implementation
src/experiment4_security/identity_credential/threshold_freeze.py,973,ab5cdd7330511690d057500539dc1ddaecd828b5d44e534ff8330861b58e4f6f,source,yes,analysis implementation
src/experiment4_security/lifecycle/__init__.py,0,e3b0c44298fc1c149afbf4c8996fb92427ae41e4649b934ca495991b7852b855,source,yes,analysis implementation
src/experiment4_security/lifecycle/cli.py,17408,483640f295af57eef391934859ae842b763f5454a0bae49ed43064a329c6f4e6,source,yes,analysis implementation
src/experiment4_security/lifecycle/discovery.py,1254,1105156eff2c038c0027fa4280dfab731674b831a7a88522fb84df332001516e,source,yes,analysis implementation
src/experiment4_security/lifecycle/evaluation.py,2183,db14fbfe4646cbd57bcae10de10c95963c7715f01b7b0ca8cf918df87da49c09,source,yes,analysis implementation
src/experiment4_security/lifecycle/event_construction.py,4773,8931d8525ba53f2d9798497f0d3c00f0bda41ba824da173b00e0f66a0217f554,source,yes,analysis implementation
src/experiment4_security/lifecycle/green_credential.py,1582,fd9dd4253ac39e401ca8f1d61f475b3270274de33302b206d6bc3b101ba7629f,source,yes,analysis implementation
src/experiment4_security/lifecycle/plotting.py,4720,73024ccb89526bf6def7f7de53e7e9614a8313dbc02d109d2f2e1396a73814bc,source,yes,analysis implementation
src/experiment4_security/lifecycle/red_identity.py,1541,877678514e4cef9e0bb21a958169f27aa1445dbb6ee77a153de609e9767a74ba,source,yes,analysis implementation
src/experiment4_security/lifecycle/reporting.py,2485,56176a9cc9b90f4d869e963fb1344f2bee0a8994364f758fb96fcfb01636e305,source,yes,analysis implementation
src/experiment4_security/lifecycle/thresholds.py,1623,f2cc987a90518c572d9c672b20ffd546ec228c0220ddbba3053ba15ddb8a0add,source,yes,analysis implementation
src/experiment4_security/ml_attack/__init__.py,740,97cb84920fff12db9476b490bf7d3e3fbc5404c90d0439bcb7d0032460fbdc5f,source,yes,analysis implementation
src/experiment4_security/ml_attack/baselines.py,2619,e9de18db88120446df98f58a5c929910d350dd9ecf91c3ef94419e143f723e0e,source,yes,analysis implementation
src/experiment4_security/ml_attack/batch_eval.py,15698,af06827661d3d14264c96b9d6dfeebbbe25a1827e5ff8268022cec7736fcbb9f,source,yes,analysis implementation
src/experiment4_security/ml_attack/bootstrap.py,2209,d6b7b863dd2ef015d8f868e8720f9bfe0aa05698cce5e1b17058b2499d229da8,source,yes,analysis implementation
src/experiment4_security/ml_attack/challenge_features.py,10864,5f56aaf875f7a43dcab202ab4e11a579428ff30b17e885c9057d35c4ccb5afc5,source,yes,analysis implementation
src/experiment4_security/ml_attack/cli.py,4484,66f5fbefe3c159045aeeae133380e53524aa962702775eba15c826a9db1d911c,source,yes,analysis implementation
src/experiment4_security/ml_attack/config.py,12233,0a01f2c92249e51a85a7a7604a616dd9888a51ef7eb278eb49c52d5950bc6cdd,source,yes,analysis implementation
src/experiment4_security/ml_attack/enrollment.py,5136,a26e424859da58920905bac2a47a18b90e73ee74400ee16a1409ed3b0fe1c372,source,yes,analysis implementation
src/experiment4_security/ml_attack/leakage_audit.py,5876,c687f29186fcd1b02a3e6d7ee596b9e98cdc570fc4235a8d787ddee9646a541e,source,yes,analysis implementation
src/experiment4_security/ml_attack/manifest.py,15436,21947fca3d6fadea28825b92ac7558dd0def2d5efc848fcdb3984297663557b2,source,yes,analysis implementation
src/experiment4_security/ml_attack/metric_schema.py,8991,a59c7dac6200227182e137c65cd1693611777191541ae244c9e277a89cb2fec8,source,yes,analysis implementation
src/experiment4_security/ml_attack/metrics.py,6495,7d6a79ccc5cae01559a7c8b03dc503d4941cc5b85440a0d205bcbc9866890429,source,yes,analysis implementation
src/experiment4_security/ml_attack/models.py,7792,151150e8e0acb9a729cfe24c288458af4f092daa76813504eeacc17e18669436,source,yes,analysis implementation
src/experiment4_security/ml_attack/pairing.py,5116,9adc3f6ae90c228564c750c58b45eca52ee0d61476aa0c59fa246599a257135a,source,yes,analysis implementation
src/experiment4_security/ml_attack/partial_leakage_models.py,6369,9a92e05f6355920c825436c1fac0e0ed86b0aab6bf70f47916a9ef3d802eb012,source,yes,analysis implementation
src/experiment4_security/ml_attack/partial_leakage_pipeline.py,28570,afceeb53582a473db9acfbcf77d61d1b75bd043b64a5b9864e05d75a8a68c55c,source,yes,analysis implementation
src/experiment4_security/ml_attack/partial_leakage_reporting.py,21083,54bf31531281a588f742148ec0e63c8da21cdf0b786cf17952ea8cd68476e268,source,yes,analysis implementation
src/experiment4_security/ml_attack/partial_leakage_splits.py,7157,b64ae397e2683f7d22c03bc5bb1d7ac8e01b9e3f630eebd7621cb07a1cb17bf0,source,yes,analysis implementation
src/experiment4_security/ml_attack/reporting.py,13428,701be75d7c24cccfab5e7f874592cecd9e12589b1b9c1e7cf8dc5678893bbc15,source,yes,analysis implementation
src/experiment4_security/ml_attack/representations.py,6492,db5234c8728b290cfe6581ce4d6154b8eb94faf4f7906c4195f6d2045146820d,source,yes,analysis implementation
src/experiment4_security/ml_attack/run.py,25476,10d3db8e14b499012e22d77ccd1fd0a45181271bea7c447aafd42d290d5c5282,source,yes,analysis implementation
src/experiment4_security/ml_attack/summaries.py,1512,1119ddd903030debe1c8de3e52ddfdb67235fe4cfd570859abc6ed734fe36db7,source,yes,analysis implementation
src/experiment4_security/ml_attack/track_a_database_auth.py,3811,2c845635a375573d5dea1e416ef9a7ef954adff9f948f5b85880fee7befe74b1,source,yes,analysis implementation
src/experiment4_security/ml_attack/track_b_template_revoke.py,5321,dddab81838d6939f647fa908ebe3f6284b17c9c2d8039af3756778d188e0b711,source,yes,analysis implementation
src/experiment4_security/ml_attack/track_c_clone.py,9221,b32d0e466200e9118bdf3b5419ba8483e4f605c662adee6d56cd8cb59b3f81b4,source,yes,analysis implementation
src/experiment4_security/ml_attack/track_c_pl_partial_leakage.py,20627,7b052174085eeee13cd072f1055cd3e5217c64b69732432a278e2b138e36953e,source,yes,analysis implementation
src/experiment4_security/ml_attack/track_d_clone_transfer.py,11805,feda92edea79d5cb9a713407a482b01a6cee545d5c8ceb08a31b2fd9728eeaf1,source,yes,analysis implementation
src/experiment4_security/ml_attack/track_d_pl_transfer.py,3934,a251574916257ed56addbbc6bae47bf89fd64b294473285a09bc8c63a5d06510,source,yes,analysis implementation
src/experiment4_security/ml_attack/video_preprocessing.py,21937,335ec0eea36b4f9153691bcf3b56597ecd7ef65a6c21396128ce3926b4d66d78,source,yes,analysis implementation
src/puf_common/__init__.py,1095,d231c304548970846157b4160556de862bed6db7141482d3713d377c3e939e3a,source,yes,analysis implementation
src/puf_common/acf_features.py,7711,34924bc5280e558dc8b8505a78337d377bdd952215930f7a4e3af3cd3bc19bf5,source,yes,analysis implementation
src/puf_common/channels.py,1427,eb5da14a61d3ad517e7ff21aec4aa2a7194e8eb507a97e970385592850597572,source,yes,analysis implementation
src/puf_common/checks.py,2667,8ae1ef2ed647d6f6baaa7021388e32f097a543c1aa2f1ac396fc0d6264efccb8,source,yes,analysis implementation
src/puf_common/dark.py,7828,349dea62fe5ba6b2d48c5f2849c8bba5857c674610b503df03fdfe4b993ae2c5,source,yes,analysis implementation
src/puf_common/envelope.py,3134,210ead21419d233cd9253b33f03b00e1603260ddfc214cc5ff4dc8decaa77ede,source,yes,analysis implementation
src/puf_common/features.py,1130,2bee2128f91d3b7358b574a0de1154a87d5f905a16a884fecc8f88aecc527add,source,yes,analysis implementation
src/puf_common/fiber_id.py,3984,786e38fdb7d0e9cedf8de03b9641063f507be98a6a6296dfb766044a80a3b459,source,yes,analysis implementation
src/puf_common/intensity_features.py,2616,cf2a6bbc437a0214e7b3aaf66b5fd9a5746569e6d5f9cb3fccf18c036b092113,source,yes,analysis implementation
src/puf_common/masks.py,1736,be427a280478c3970e0e6767fcae2ff9532bd98807d8a2f0f222f7f30dccabe2,source,yes,analysis implementation
src/puf_common/metrics.py,3604,6c7c54ee711d687dc0f794bb7c7c85e7a6995f128ead6b3708090bfe5c99fd3e,source,yes,analysis implementation
src/puf_common/ncc.py,1043,8e23b91734f79f1b80330fb9e982d33b93630dbcf9a14b826469c46136a26339,source,yes,analysis implementation
src/puf_common/progress.py,4142,6a841296a6dec3f0933a49d52d10844e560c7d5778b915aa728536b67c5d5bc6,source,yes,analysis implementation
src/puf_common/psd_features.py,4648,5c74bcc922d2827d87568e506b1ab8c2eacd79cd48d460e876599a5a78109a0f,source,yes,analysis implementation
src/puf_common/public_data.py,5204,926c04ac49b1ab2e6bfc50f40f36948c3d2c17d717a08a05d79d35ab9cdb50ba,source,yes,analysis implementation
src/puf_common/statistics.py,2377,c417dd8c722d864933075e3511b7941d76517bfbeb558d9a2d51d51a26c25625,source,yes,analysis implementation
src/puf_common/texture_features.py,1903,ed394e248855b2113c22b32ab0cef79da53b7325418839fa2808f34623b28e63,source,yes,analysis implementation
src/puf_common/tqdm_progress.py,2215,080d197aa0264498d8ce9e6b0d3b8c075299d7b20753179ff63d7fca9e276b10,source,yes,analysis implementation
