device_id,from_state,to_state,red_pass,previous_green_fail,n_green_pass,n_scores,current_credential_pass,authenticated_reenrollment_success
F01,S0,S1,True,True,5,5,False,False
F01,S1,S2,True,True,8,8,True,True
F02,S0,S1,True,True,5,6,False,False
F02,S1,S2,True,True,7,8,True,True
F03,S0,S1,True,True,5,7,False,False
F03,S1,S2,True,True,8,8,True,True
F04,S0,S1,True,True,7,7,True,True
F04,S1,S2,True,True,8,8,True,True
F05,S0,S1,True,True,7,7,True,True
F05,S1,S2,True,True,8,8,True,True
F06,S0,S1,True,True,8,8,True,True
F06,S1,S2,True,True,8,8,True,True
F07,S0,S1,True,True,8,8,True,True
F07,S1,S2,True,True,8,8,True,True
F08,S0,S1,True,True,8,8,True,True
F08,S1,S2,True,True,8,8,True,True
F09,S0,S1,True,True,7,8,True,True
F09,S1,S2,True,True,6,8,False,False
F10,S0,S1,True,True,8,8,True,True
F10,S1,S2,True,True,8,8,True,True
F11,S0,S1,True,True,8,8,True,True
F11,S1,S2,True,True,8,8,True,True
F12,S0,S1,True,True,8,8,True,True
F12,S1,S2,True,True,8,8,True,True
F13,S0,S1,True,True,8,8,True,True
F13,S1,S2,True,True,8,8,True,True
F14,S0,S1,True,True,7,8,True,True
F14,S1,S2,True,True,8,8,True,True
F15,S0,S1,True,True,8,8,True,True
F15,S1,S2,True,True,8,8,True,True
